pokedex_number,name,base_total,hp,attack,defense,sp_attack,sp_defense,speed,type1,type2,generation
1,Bulbasaur,318,45,49,49,65,65,45,grass,poison,1
2,Ivysaur,405,60,62,63,80,80,60,grass,poison,1
3,Venusaur,625,80,100,123,122,120,80,grass,poison,1
4,Charmander,309,39,52,43,60,50,65,fire,,1
5,Charmeleon,405,58,64,58,80,65,80,fire,,1
6,Charizard,634,78,104,78,159,115,100,fire,flying,1
7,Squirtle,314,44,48,65,50,64,43,water,,1
8,Wartortle,405,59,63,80,65,80,58,water,,1
9,Blastoise,630,79,103,120,135,115,78,water,,1
10,Caterpie,195,45,30,35,20,20,45,bug,,1
11,Metapod,205,50,20,55,25,25,30,bug,,1
12,Butterfree,395,60,45,50,90,80,70,bug,flying,1
13,Weedle,195,40,35,30,20,20,50,bug,poison,1
14,Kakuna,205,45,25,50,25,25,35,bug,poison,1
15,Beedrill,495,65,150,40,15,80,145,bug,poison,1
16,Pidgey,251,40,45,40,35,35,56,normal,flying,1
17,Pidgeotto,349,63,60,55,50,50,71,normal,flying,1
18,Pidgeot,579,83,80,80,135,80,121,normal,flying,1
19,Rattata,253,30,56,35,25,35,72,normal,dark,1
20,Raticate,413,75,71,70,40,80,77,normal,dark,1
21,Spearow,262,40,60,30,31,31,70,normal,flying,1
22,Fearow,442,65,90,65,61,61,100,normal,flying,1
23,Ekans,288,35,60,44,40,54,55,poison,,1
24,Arbok,448,60,95,69,65,79,80,poison,,1
25,Pikachu,320,35,55,40,50,50,90,electric,,1
26,Raichu,485,60,85,50,95,85,110,electric,electric,1
27,Sandshrew,300,50,75,90,10,35,40,ground,ice,1
28,Sandslash,450,75,100,120,25,65,65,ground,ice,1
29,Nidoran♀,275,55,47,52,40,40,41,poison,,1
30,Nidorina,365,70,62,67,55,55,56,poison,,1
31,Nidoqueen,505,90,92,87,75,85,76,poison,ground,1
32,Nidoran♂,273,46,57,40,40,40,50,poison,,1
33,Nidorino,365,61,72,57,55,55,65,poison,,1
34,Nidoking,505,81,102,77,85,75,85,poison,ground,1
35,Clefairy,323,70,45,48,60,65,35,fairy,,1
36,Clefable,483,95,70,73,95,90,60,fairy,,1
37,Vulpix,299,38,41,40,50,65,65,fire,ice,1
38,Ninetales,505,73,67,75,81,100,109,fire,ice,1
39,Jigglypuff,270,115,45,20,45,25,20,normal,fairy,1
40,Wigglytuff,435,140,70,45,85,50,45,normal,fairy,1
41,Zubat,245,40,45,35,30,40,55,poison,flying,1
42,Golbat,455,75,80,70,65,75,90,poison,flying,1
43,Oddish,320,45,50,55,75,65,30,grass,poison,1
44,Gloom,395,60,65,70,85,75,40,grass,poison,1
45,Vileplume,490,75,80,85,110,90,50,grass,poison,1
46,Paras,285,35,70,55,45,55,25,bug,grass,1
47,Parasect,405,60,95,80,60,80,30,bug,grass,1
48,Venonat,305,60,55,50,40,55,45,bug,poison,1
49,Venomoth,450,70,65,60,90,75,90,bug,poison,1
50,Diglett,265,10,55,30,35,45,90,ground,ground,1
51,Dugtrio,425,35,100,60,50,70,110,ground,ground,1
52,Meowth,290,40,35,35,50,40,90,normal,dark,1
53,Persian,440,65,60,60,75,65,115,normal,dark,1
54,Psyduck,320,50,52,48,65,50,55,water,,1
55,Golduck,500,80,82,78,95,80,85,water,,1
56,Mankey,305,40,80,35,35,45,70,fighting,,1
57,Primeape,455,65,105,60,60,70,95,fighting,,1
58,Growlithe,350,55,70,45,70,50,60,fire,,1
59,Arcanine,555,90,110,80,100,80,95,fire,,1
60,Poliwag,300,40,50,40,40,40,90,water,,1
61,Poliwhirl,385,65,65,65,50,50,90,water,,1
62,Poliwrath,510,90,95,95,70,90,70,water,fighting,1
63,Abra,310,25,20,15,105,55,90,psychic,,1
64,Kadabra,400,40,35,30,120,70,105,psychic,,1
65,Alakazam,600,55,50,65,175,105,150,psychic,,1
66,Machop,305,70,80,50,35,35,35,fighting,,1
67,Machoke,405,80,100,70,50,60,45,fighting,,1
68,Machamp,505,90,130,80,65,85,55,fighting,,1
69,Bellsprout,300,50,75,35,70,30,40,grass,poison,1
70,Weepinbell,390,65,90,50,85,45,55,grass,poison,1
71,Victreebel,490,80,105,65,100,70,70,grass,poison,1
72,Tentacool,335,40,40,35,50,100,70,water,poison,1
73,Tentacruel,515,80,70,65,80,120,100,water,poison,1
74,Geodude,300,40,80,100,30,30,20,rock,ground,1
75,Graveler,390,55,95,115,45,45,35,rock,ground,1
76,Golem,495,80,120,130,55,65,45,rock,ground,1
77,Ponyta,410,50,85,55,65,65,90,fire,,1
78,Rapidash,500,65,100,70,80,80,105,fire,,1
79,Slowpoke,315,90,65,65,40,40,15,water,psychic,1
80,Slowbro,590,95,75,180,130,80,30,water,psychic,1
81,Magnemite,325,25,35,70,95,55,45,electric,steel,1
82,Magneton,465,50,60,95,120,70,70,electric,steel,1
83,Farfetch'd,377,52,90,55,58,62,60,normal,flying,1
84,Doduo,310,35,85,45,35,35,75,normal,flying,1
85,Dodrio,470,60,110,70,60,60,110,normal,flying,1
86,Seel,325,65,45,55,45,70,45,water,,1
87,Dewgong,475,90,70,80,70,95,70,water,ice,1
88,Grimer,325,80,80,50,40,50,25,poison,poison,1
89,Muk,500,105,105,75,65,100,50,poison,poison,1
90,Shellder,305,30,65,100,45,25,40,water,,1
91,Cloyster,525,50,95,180,85,45,70,water,ice,1
92,Gastly,310,30,35,30,100,35,80,ghost,poison,1
93,Haunter,405,45,50,45,115,55,95,ghost,poison,1
94,Gengar,600,60,65,80,170,95,130,ghost,poison,1
95,Onix,385,35,45,160,30,45,70,rock,ground,1
96,Drowzee,328,60,48,45,43,90,42,psychic,,1
97,Hypno,483,85,73,70,73,115,67,psychic,,1
98,Krabby,325,30,105,90,25,25,50,water,,1
99,Kingler,475,55,130,115,50,50,75,water,,1
100,Voltorb,330,40,30,50,55,55,100,electric,,1
101,Electrode,490,60,50,70,80,80,150,electric,,1
102,Exeggcute,325,60,40,80,60,45,40,grass,psychic,1
103,Exeggutor,530,95,105,85,125,75,45,grass,psychic,1
104,Cubone,320,50,50,95,40,50,35,ground,,1
105,Marowak,425,60,80,110,50,80,45,ground,fire,1
106,Hitmonlee,455,50,120,53,35,110,87,fighting,,1
107,Hitmonchan,455,50,105,79,35,110,76,fighting,,1
108,Lickitung,385,90,55,75,60,75,30,normal,,1
109,Koffing,340,40,65,95,60,45,35,poison,,1
110,Weezing,490,65,90,120,85,70,60,poison,,1
111,Rhyhorn,345,80,85,95,30,30,25,ground,rock,1
112,Rhydon,485,105,130,120,45,45,40,ground,rock,1
113,Chansey,450,250,5,5,35,105,50,normal,,1
114,Tangela,435,65,55,115,100,40,60,grass,,1
115,Kangaskhan,590,105,125,100,60,100,100,normal,,1
116,Horsea,295,30,40,70,70,25,60,water,,1
117,Seadra,440,55,65,95,95,45,85,water,,1
118,Goldeen,320,45,67,60,35,50,63,water,,1
119,Seaking,450,80,92,65,65,80,68,water,,1
120,Staryu,340,30,45,55,70,55,85,water,,1
121,Starmie,520,60,75,85,100,85,115,water,psychic,1
122,Mr. Mime,460,40,45,65,100,120,90,psychic,fairy,1
123,Scyther,500,70,110,80,55,80,105,bug,flying,1
124,Jynx,455,65,50,35,115,95,95,ice,psychic,1
125,Electabuzz,490,65,83,57,95,85,105,electric,,1
126,Magmar,495,65,95,57,100,85,93,fire,,1
127,Pinsir,600,65,155,120,65,90,105,bug,,1
128,Tauros,490,75,100,95,40,70,110,normal,,1
129,Magikarp,200,20,10,55,15,20,80,water,,1
130,Gyarados,640,95,155,109,70,130,81,water,flying,1
131,Lapras,535,130,85,80,85,95,60,water,ice,1
132,Ditto,288,48,48,48,48,48,48,normal,,1
133,Eevee,325,55,55,50,45,65,55,normal,,1
134,Vaporeon,525,130,65,60,110,95,65,water,,1
135,Jolteon,525,65,65,60,110,95,130,electric,,1
136,Flareon,525,65,130,60,95,110,65,fire,,1
137,Porygon,395,65,60,70,85,75,40,normal,,1
138,Omanyte,355,35,40,100,90,55,35,rock,water,1
139,Omastar,495,70,60,125,115,70,55,rock,water,1
140,Kabuto,355,30,80,90,55,45,55,rock,water,1
141,Kabutops,495,60,115,105,65,70,80,rock,water,1
142,Aerodactyl,615,80,135,85,70,95,150,rock,flying,1
143,Snorlax,540,160,110,65,65,110,30,normal,,1
144,Articuno,580,90,85,100,95,125,85,ice,flying,1
145,Zapdos,580,90,90,85,125,90,100,electric,flying,1
146,Moltres,580,90,100,90,125,85,90,fire,flying,1
147,Dratini,300,41,64,45,50,50,50,dragon,,1
148,Dragonair,420,61,84,65,70,70,70,dragon,,1
149,Dragonite,600,91,134,95,100,100,80,dragon,flying,1
150,Mewtwo,780,106,150,70,194,120,140,psychic,,1
151,Mew,600,100,100,100,100,100,100,psychic,,1
152,Chikorita,318,45,49,65,49,65,45,grass,,2
153,Bayleef,405,60,62,80,63,80,60,grass,,2
154,Meganium,525,80,82,100,83,100,80,grass,,2
155,Cyndaquil,309,39,52,43,60,50,65,fire,,2
156,Quilava,405,58,64,58,80,65,80,fire,,2
157,Typhlosion,534,78,84,78,109,85,100,fire,,2
158,Totodile,314,50,65,64,44,48,43,water,,2
159,Croconaw,405,65,80,80,59,63,58,water,,2
160,Feraligatr,530,85,105,100,79,83,78,water,,2
161,Sentret,215,35,46,34,35,45,20,normal,,2
162,Furret,415,85,76,64,45,55,90,normal,,2
163,Hoothoot,262,60,30,30,36,56,50,normal,flying,2
164,Noctowl,452,100,50,50,86,96,70,normal,flying,2
165,Ledyba,265,40,20,30,40,80,55,bug,flying,2
166,Ledian,390,55,35,50,55,110,85,bug,flying,2
167,Spinarak,250,40,60,40,40,40,30,bug,poison,2
168,Ariados,400,70,90,70,60,70,40,bug,poison,2
169,Crobat,535,85,90,80,70,80,130,poison,flying,2
170,Chinchou,330,75,38,38,56,56,67,water,electric,2
171,Lanturn,460,125,58,58,76,76,67,water,electric,2
172,Pichu,205,20,40,15,35,35,60,electric,,2
173,Cleffa,218,50,25,28,45,55,15,fairy,,2
174,Igglybuff,210,90,30,15,40,20,15,normal,fairy,2
175,Togepi,245,35,20,65,40,65,20,fairy,,2
176,Togetic,405,55,40,85,80,105,40,fairy,flying,2
177,Natu,320,40,50,45,70,45,70,psychic,flying,2
178,Xatu,470,65,75,70,95,70,95,psychic,flying,2
179,Mareep,280,55,40,40,65,45,35,electric,,2
180,Flaaffy,365,70,55,55,80,60,45,electric,,2
181,Ampharos,610,90,95,105,165,110,45,electric,,2
182,Bellossom,490,75,80,95,90,100,50,grass,,2
183,Marill,250,70,20,50,20,50,40,water,fairy,2
184,Azumarill,420,100,50,80,60,80,50,water,fairy,2
185,Sudowoodo,410,70,100,115,30,65,30,rock,,2
186,Politoed,500,90,75,75,90,100,70,water,,2
187,Hoppip,250,35,35,40,35,55,50,grass,flying,2
188,Skiploom,340,55,45,50,45,65,80,grass,flying,2
189,Jumpluff,460,75,55,70,55,95,110,grass,flying,2
190,Aipom,360,55,70,55,40,55,85,normal,,2
191,Sunkern,180,30,30,30,30,30,30,grass,,2
192,Sunflora,425,75,75,55,105,85,30,grass,,2
193,Yanma,390,65,65,45,75,45,95,bug,flying,2
194,Wooper,210,55,45,45,25,25,15,water,ground,2
195,Quagsire,430,95,85,85,65,65,35,water,ground,2
196,Espeon,525,65,65,60,130,95,110,psychic,,2
197,Umbreon,525,95,65,110,60,130,65,dark,,2
198,Murkrow,405,60,85,42,85,42,91,dark,flying,2
199,Slowking,490,95,75,80,100,110,30,water,psychic,2
200,Misdreavus,435,60,60,60,85,85,85,ghost,,2
201,Unown,336,48,72,48,72,48,48,psychic,,2
202,Wobbuffet,405,190,33,58,33,58,33,psychic,,2
203,Girafarig,455,70,80,65,90,65,85,normal,psychic,2
204,Pineco,290,50,65,90,35,35,15,bug,,2
205,Forretress,465,75,90,140,60,60,40,bug,steel,2
206,Dunsparce,415,100,70,70,65,65,45,normal,,2
207,Gligar,430,65,75,105,35,65,85,ground,flying,2
208,Steelix,610,75,125,230,55,95,30,steel,ground,2
209,Snubbull,300,60,80,50,40,40,30,fairy,,2
210,Granbull,450,90,120,75,60,60,45,fairy,,2
211,Qwilfish,440,65,95,85,55,55,85,water,poison,2
212,Scizor,600,70,150,140,65,100,75,bug,steel,2
213,Shuckle,505,20,10,230,10,230,5,bug,rock,2
214,Heracross,600,80,185,115,40,105,75,bug,fighting,2
215,Sneasel,430,55,95,55,35,75,115,dark,ice,2
216,Teddiursa,330,60,80,50,50,50,40,normal,,2
217,Ursaring,500,90,130,75,75,75,55,normal,,2
218,Slugma,250,40,40,40,70,40,20,fire,,2
219,Magcargo,430,60,50,120,90,80,30,fire,rock,2
220,Swinub,250,50,50,40,30,30,50,ice,ground,2
221,Piloswine,450,100,100,80,60,60,50,ice,ground,2
222,Corsola,410,65,55,95,65,95,35,water,rock,2
223,Remoraid,300,35,65,35,65,35,65,water,,2
224,Octillery,480,75,105,75,105,75,45,water,,2
225,Delibird,330,45,55,45,65,45,75,ice,flying,2
226,Mantine,485,85,40,70,80,140,70,water,flying,2
227,Skarmory,465,65,80,140,40,70,70,steel,flying,2
228,Houndour,330,45,60,30,80,50,65,dark,fire,2
229,Houndoom,600,75,90,90,140,90,115,dark,fire,2
230,Kingdra,540,75,95,95,95,95,85,water,dragon,2
231,Phanpy,330,90,60,60,40,40,40,ground,,2
232,Donphan,500,90,120,120,60,60,50,ground,,2
233,Porygon2,515,85,80,90,105,95,60,normal,,2
234,Stantler,465,73,95,62,85,65,85,normal,,2
235,Smeargle,250,55,20,35,20,45,75,normal,,2
236,Tyrogue,210,35,35,35,35,35,35,fighting,,2
237,Hitmontop,455,50,95,95,35,110,70,fighting,,2
238,Smoochum,305,45,30,15,85,65,65,ice,psychic,2
239,Elekid,360,45,63,37,65,55,95,electric,,2
240,Magby,365,45,75,37,70,55,83,fire,,2
241,Miltank,490,95,80,105,40,70,100,normal,,2
242,Blissey,540,255,10,10,75,135,55,normal,,2
243,Raikou,580,90,85,75,115,100,115,electric,,2
244,Entei,580,115,115,85,90,75,100,fire,,2
245,Suicune,580,100,75,115,90,115,85,water,,2
246,Larvitar,300,50,64,50,45,50,41,rock,ground,2
247,Pupitar,410,70,84,70,65,70,51,rock,ground,2
248,Tyranitar,700,100,164,150,95,120,71,rock,dark,2
249,Lugia,680,106,90,130,90,154,110,psychic,flying,2
250,Ho-Oh,680,106,130,90,110,154,90,fire,flying,2
251,Celebi,600,100,100,100,100,100,100,psychic,grass,2
252,Treecko,310,40,45,35,65,55,70,grass,,3
253,Grovyle,405,50,65,45,85,65,95,grass,,3
254,Sceptile,630,70,110,75,145,85,145,grass,,3
255,Torchic,310,45,60,40,70,50,45,fire,,3
256,Combusken,405,60,85,60,85,60,55,fire,fighting,3
257,Blaziken,630,80,160,80,130,80,100,fire,fighting,3
258,Mudkip,310,50,70,50,50,50,40,water,,3
259,Marshtomp,405,70,85,70,60,70,50,water,ground,3
260,Swampert,635,100,150,110,95,110,70,water,ground,3
261,Poochyena,220,35,55,35,30,30,35,dark,,3
262,Mightyena,420,70,90,70,60,60,70,dark,,3
263,Zigzagoon,240,38,30,41,30,41,60,normal,,3
264,Linoone,420,78,70,61,50,61,100,normal,,3
265,Wurmple,195,45,45,35,20,30,20,bug,,3
266,Silcoon,205,50,35,55,25,25,15,bug,,3
267,Beautifly,395,60,70,50,100,50,65,bug,flying,3
268,Cascoon,205,50,35,55,25,25,15,bug,,3
269,Dustox,385,60,50,70,50,90,65,bug,poison,3
270,Lotad,220,40,30,30,40,50,30,water,grass,3
271,Lombre,340,60,50,50,60,70,50,water,grass,3
272,Ludicolo,480,80,70,70,90,100,70,water,grass,3
273,Seedot,220,40,40,50,30,30,30,grass,,3
274,Nuzleaf,340,70,70,40,60,40,60,grass,dark,3
275,Shiftry,480,90,100,60,90,60,80,grass,dark,3
276,Taillow,270,40,55,30,30,30,85,normal,flying,3
277,Swellow,455,60,85,60,75,50,125,normal,flying,3
278,Wingull,270,40,30,30,55,30,85,water,flying,3
279,Pelipper,440,60,50,100,95,70,65,water,flying,3
280,Ralts,198,28,25,25,45,35,40,psychic,fairy,3
281,Kirlia,278,38,35,35,65,55,50,psychic,fairy,3
282,Gardevoir,618,68,85,65,165,135,100,psychic,fairy,3
283,Surskit,269,40,30,32,50,52,65,bug,water,3
284,Masquerain,454,70,60,62,100,82,80,bug,flying,3
285,Shroomish,295,60,40,60,40,60,35,grass,,3
286,Breloom,460,60,130,80,60,60,70,grass,fighting,3
287,Slakoth,280,60,60,60,35,35,30,normal,,3
288,Vigoroth,440,80,80,80,55,55,90,normal,,3
289,Slaking,670,150,160,100,95,65,100,normal,,3
290,Nincada,266,31,45,90,30,30,40,bug,ground,3
291,Ninjask,456,61,90,45,50,50,160,bug,flying,3
292,Shedinja,236,1,90,45,30,30,40,bug,ghost,3
293,Whismur,240,64,51,23,51,23,28,normal,,3
294,Loudred,360,84,71,43,71,43,48,normal,,3
295,Exploud,490,104,91,63,91,73,68,normal,,3
296,Makuhita,237,72,60,30,20,30,25,fighting,,3
297,Hariyama,474,144,120,60,40,60,50,fighting,,3
298,Azurill,190,50,20,40,20,40,20,normal,fairy,3
299,Nosepass,375,30,45,135,45,90,30,rock,,3
300,Skitty,260,50,45,45,35,35,50,normal,,3
301,Delcatty,400,70,65,65,55,55,90,normal,,3
302,Sableye,480,50,85,125,85,115,20,dark,ghost,3
303,Mawile,480,50,105,125,55,95,50,steel,fairy,3
304,Aron,330,50,70,100,40,40,30,steel,rock,3
305,Lairon,430,60,90,140,50,50,40,steel,rock,3
306,Aggron,630,70,140,230,60,80,50,steel,rock,3
307,Meditite,280,30,40,55,40,55,60,fighting,psychic,3
308,Medicham,510,60,100,85,80,85,100,fighting,psychic,3
309,Electrike,295,40,45,40,65,40,65,electric,,3
310,Manectric,575,70,75,80,135,80,135,electric,,3
311,Plusle,405,60,50,40,85,75,95,electric,,3
312,Minun,405,60,40,50,75,85,95,electric,,3
313,Volbeat,430,65,73,75,47,85,85,bug,,3
314,Illumise,430,65,47,75,73,85,85,bug,,3
315,Roselia,400,50,60,45,100,80,65,grass,poison,3
316,Gulpin,302,70,43,53,43,53,40,poison,,3
317,Swalot,467,100,73,83,73,83,55,poison,,3
318,Carvanha,305,45,90,20,65,20,65,water,dark,3
319,Sharpedo,560,70,140,70,110,65,105,water,dark,3
320,Wailmer,400,130,70,35,70,35,60,water,,3
321,Wailord,500,170,90,45,90,45,60,water,,3
322,Numel,305,60,60,40,65,45,35,fire,ground,3
323,Camerupt,560,70,120,100,145,105,20,fire,ground,3
324,Torkoal,470,70,85,140,85,70,20,fire,,3
325,Spoink,330,60,25,35,70,80,60,psychic,,3
326,Grumpig,470,80,45,65,90,110,80,psychic,,3
327,Spinda,360,60,60,60,60,60,60,normal,,3
328,Trapinch,290,45,100,45,45,45,10,ground,,3
329,Vibrava,340,50,70,50,50,50,70,ground,dragon,3
330,Flygon,520,80,100,80,80,80,100,ground,dragon,3
331,Cacnea,335,50,85,40,85,40,35,grass,,3
332,Cacturne,475,70,115,60,115,60,55,grass,dark,3
333,Swablu,310,45,40,60,40,75,50,normal,flying,3
334,Altaria,590,75,110,110,110,105,80,dragon,flying,3
335,Zangoose,458,73,115,60,60,60,90,normal,,3
336,Seviper,458,73,100,60,100,60,65,poison,,3
337,Lunatone,460,90,55,65,95,85,70,rock,psychic,3
338,Solrock,460,90,95,85,55,65,70,rock,psychic,3
339,Barboach,288,50,48,43,46,41,60,water,ground,3
340,Whiscash,468,110,78,73,76,71,60,water,ground,3
341,Corphish,308,43,80,65,50,35,35,water,,3
342,Crawdaunt,468,63,120,85,90,55,55,water,dark,3
343,Baltoy,300,40,40,55,40,70,55,ground,psychic,3
344,Claydol,500,60,70,105,70,120,75,ground,psychic,3
345,Lileep,355,66,41,77,61,87,23,rock,grass,3
346,Cradily,495,86,81,97,81,107,43,rock,grass,3
347,Anorith,355,45,95,50,40,50,75,rock,bug,3
348,Armaldo,495,75,125,100,70,80,45,rock,bug,3
349,Feebas,200,20,15,20,10,55,80,water,,3
350,Milotic,540,95,60,79,100,125,81,water,,3
351,Castform,420,70,70,70,70,70,70,normal,,3
352,Kecleon,440,60,90,70,60,120,40,normal,,3
353,Shuppet,295,44,75,35,63,33,45,ghost,,3
354,Banette,555,64,165,75,93,83,75,ghost,,3
355,Duskull,295,20,40,90,30,90,25,ghost,,3
356,Dusclops,455,40,70,130,60,130,25,ghost,,3
357,Tropius,460,99,68,83,72,87,51,grass,flying,3
358,Chimecho,455,75,50,80,95,90,65,psychic,,3
359,Absol,565,65,150,60,115,60,115,dark,,3
360,Wynaut,260,95,23,48,23,48,23,psychic,,3
361,Snorunt,300,50,50,50,50,50,50,ice,,3
362,Glalie,580,80,120,80,120,80,100,ice,,3
363,Spheal,290,70,40,50,55,50,25,ice,water,3
364,Sealeo,410,90,60,70,75,70,45,ice,water,3
365,Walrein,530,110,80,90,95,90,65,ice,water,3
366,Clamperl,345,35,64,85,74,55,32,water,,3
367,Huntail,485,55,104,105,94,75,52,water,,3
368,Gorebyss,485,55,84,105,114,75,52,water,,3
369,Relicanth,485,100,90,130,45,65,55,water,rock,3
370,Luvdisc,330,43,30,55,40,65,97,water,,3
371,Bagon,300,45,75,60,40,30,50,dragon,,3
372,Shelgon,420,65,95,100,60,50,50,dragon,,3
373,Salamence,700,95,145,130,120,90,120,dragon,flying,3
374,Beldum,300,40,55,80,35,60,30,steel,psychic,3
375,Metang,420,60,75,100,55,80,50,steel,psychic,3
376,Metagross,700,80,145,150,105,110,110,steel,psychic,3
377,Regirock,580,80,100,200,50,100,50,rock,,3
378,Regice,580,80,50,100,100,200,50,ice,,3
379,Registeel,580,80,75,150,75,150,50,steel,,3
380,Latias,700,80,100,120,140,150,110,dragon,psychic,3
381,Latios,700,80,130,100,160,120,110,dragon,psychic,3
382,Kyogre,770,100,150,90,180,160,90,water,,3
383,Groudon,770,100,180,160,150,90,90,ground,,3
384,Rayquaza,780,105,180,100,180,100,115,dragon,flying,3
385,Jirachi,600,100,100,100,100,100,100,steel,psychic,3
386,Deoxys,600,50,95,90,95,90,180,psychic,,3
387,Turtwig,318,55,68,64,45,55,31,grass,,4
388,Grotle,405,75,89,85,55,65,36,grass,,4
389,Torterra,525,95,109,105,75,85,56,grass,ground,4
390,Chimchar,309,44,58,44,58,44,61,fire,,4
391,Monferno,405,64,78,52,78,52,81,fire,fighting,4
392,Infernape,534,76,104,71,104,71,108,fire,fighting,4
393,Piplup,314,53,51,53,61,56,40,water,,4
394,Prinplup,405,64,66,68,81,76,50,water,,4
395,Empoleon,530,84,86,88,111,101,60,water,steel,4
396,Starly,245,40,55,30,30,30,60,normal,flying,4
397,Staravia,340,55,75,50,40,40,80,normal,flying,4
398,Staraptor,485,85,120,70,50,60,100,normal,flying,4
399,Bidoof,250,59,45,40,35,40,31,normal,,4
400,Bibarel,410,79,85,60,55,60,71,normal,water,4
401,Kricketot,194,37,25,41,25,41,25,bug,,4
402,Kricketune,384,77,85,51,55,51,65,bug,,4
403,Shinx,263,45,65,34,40,34,45,electric,,4
404,Luxio,363,60,85,49,60,49,60,electric,,4
405,Luxray,523,80,120,79,95,79,70,electric,,4
406,Budew,280,40,30,35,50,70,55,grass,poison,4
407,Roserade,515,60,70,65,125,105,90,grass,poison,4
408,Cranidos,350,67,125,40,30,30,58,rock,,4
409,Rampardos,495,97,165,60,65,50,58,rock,,4
410,Shieldon,350,30,42,118,42,88,30,rock,steel,4
411,Bastiodon,495,60,52,168,47,138,30,rock,steel,4
412,Burmy,224,40,29,45,29,45,36,bug,,4
413,Wormadam,424,60,69,95,69,95,36,bug,grass,4
414,Mothim,424,70,94,50,94,50,66,bug,flying,4
415,Combee,244,30,30,42,30,42,70,bug,flying,4
416,Vespiquen,474,70,80,102,80,102,40,bug,flying,4
417,Pachirisu,405,60,45,70,45,90,95,electric,,4
418,Buizel,330,55,65,35,60,30,85,water,,4
419,Floatzel,495,85,105,55,85,50,115,water,,4
420,Cherubi,275,45,35,45,62,53,35,grass,,4
421,Cherrim,450,70,60,70,87,78,85,grass,,4
422,Shellos,325,76,48,48,57,62,34,water,,4
423,Gastrodon,475,111,83,68,92,82,39,water,ground,4
424,Ambipom,482,75,100,66,60,66,115,normal,,4
425,Drifloon,348,90,50,34,60,44,70,ghost,flying,4
426,Drifblim,498,150,80,44,90,54,80,ghost,flying,4
427,Buneary,350,55,66,44,44,56,85,normal,,4
428,Lopunny,580,65,136,94,54,96,135,normal,,4
429,Mismagius,495,60,60,60,105,105,105,ghost,,4
430,Honchkrow,505,100,125,52,105,52,71,dark,flying,4
431,Glameow,310,49,55,42,42,37,85,normal,,4
432,Purugly,452,71,82,64,64,59,112,normal,,4
433,Chingling,285,45,30,50,65,50,45,psychic,,4
434,Stunky,329,63,63,47,41,41,74,poison,dark,4
435,Skuntank,479,103,93,67,71,61,84,poison,dark,4
436,Bronzor,300,57,24,86,24,86,23,steel,psychic,4
437,Bronzong,500,67,89,116,79,116,33,steel,psychic,4
438,Bonsly,290,50,80,95,10,45,10,rock,,4
439,Mime Jr.,310,20,25,45,70,90,60,psychic,fairy,4
440,Happiny,220,100,5,5,15,65,30,normal,,4
441,Chatot,411,76,65,45,92,42,91,normal,flying,4
442,Spiritomb,485,50,92,108,92,108,35,ghost,dark,4
443,Gible,300,58,70,45,40,45,42,dragon,ground,4
444,Gabite,410,68,90,65,50,55,82,dragon,ground,4
445,Garchomp,700,108,170,115,120,95,92,dragon,ground,4
446,Munchlax,390,135,85,40,40,85,5,normal,,4
447,Riolu,285,40,70,40,35,40,60,fighting,,4
448,Lucario,625,70,145,88,140,70,112,fighting,steel,4
449,Hippopotas,330,68,72,78,38,42,32,ground,,4
450,Hippowdon,525,108,112,118,68,72,47,ground,,4
451,Skorupi,330,40,50,90,30,55,65,poison,bug,4
452,Drapion,500,70,90,110,60,75,95,poison,dark,4
453,Croagunk,300,48,61,40,61,40,50,poison,fighting,4
454,Toxicroak,490,83,106,65,86,65,85,poison,fighting,4
455,Carnivine,454,74,100,72,90,72,46,grass,,4
456,Finneon,330,49,49,56,49,61,66,water,,4
457,Lumineon,460,69,69,76,69,86,91,water,,4
458,Mantyke,345,45,20,50,60,120,50,water,flying,4
459,Snover,334,60,62,50,62,60,40,grass,ice,4
460,Abomasnow,594,90,132,105,132,105,30,grass,ice,4
461,Weavile,510,70,120,65,45,85,125,dark,ice,4
462,Magnezone,535,70,70,115,130,90,60,electric,steel,4
463,Lickilicky,515,110,85,95,80,95,50,normal,,4
464,Rhyperior,535,115,140,130,55,55,40,ground,rock,4
465,Tangrowth,535,100,100,125,110,50,50,grass,,4
466,Electivire,540,75,123,67,95,85,95,electric,,4
467,Magmortar,540,75,95,67,125,95,83,fire,,4
468,Togekiss,545,85,50,95,120,115,80,fairy,flying,4
469,Yanmega,515,86,76,86,116,56,95,bug,flying,4
470,Leafeon,525,65,110,130,60,65,95,grass,,4
471,Glaceon,525,65,60,110,130,95,65,ice,,4
472,Gliscor,510,75,95,125,45,75,95,ground,flying,4
473,Mamoswine,530,110,130,80,70,60,80,ice,ground,4
474,Porygon-Z,535,85,80,70,135,75,90,normal,,4
475,Gallade,618,68,165,95,65,115,110,psychic,fighting,4
476,Probopass,525,60,55,145,75,150,40,rock,steel,4
477,Dusknoir,525,45,100,135,65,135,45,ghost,,4
478,Froslass,480,70,80,70,80,70,110,ice,ghost,4
479,Rotom,520,50,65,107,105,107,86,electric,ghost,4
480,Uxie,580,75,75,130,75,130,95,psychic,,4
481,Mesprit,580,80,105,105,105,105,80,psychic,,4
482,Azelf,580,75,125,70,125,70,115,psychic,,4
483,Dialga,680,100,120,120,150,100,90,steel,dragon,4
484,Palkia,680,90,120,100,150,120,100,water,dragon,4
485,Heatran,600,91,90,106,130,106,77,fire,steel,4
486,Regigigas,670,110,160,110,80,110,100,normal,,4
487,Giratina,680,150,120,100,120,100,90,ghost,dragon,4
488,Cresselia,600,120,70,120,75,130,85,psychic,,4
489,Phione,480,80,80,80,80,80,80,water,,4
490,Manaphy,600,100,100,100,100,100,100,water,,4
491,Darkrai,600,70,90,90,135,90,125,dark,,4
492,Shaymin,600,100,103,75,120,75,127,grass,grass,4
493,Arceus,720,120,120,120,120,120,120,normal,,4
494,Victini,600,100,100,100,100,100,100,psychic,fire,5
495,Snivy,308,45,45,55,45,55,63,grass,,5
496,Servine,413,60,60,75,60,75,83,grass,,5
497,Serperior,528,75,75,95,75,95,113,grass,,5
498,Tepig,308,65,63,45,45,45,45,fire,,5
499,Pignite,418,90,93,55,70,55,55,fire,fighting,5
500,Emboar,528,110,123,65,100,65,65,fire,fighting,5
501,Oshawott,308,55,55,45,63,45,45,water,,5
502,Dewott,413,75,75,60,83,60,60,water,,5
503,Samurott,528,95,100,85,108,70,70,water,,5
504,Patrat,255,45,55,39,35,39,42,normal,,5
505,Watchog,420,60,85,69,60,69,77,normal,,5
506,Lillipup,275,45,60,45,25,45,55,normal,,5
507,Herdier,370,65,80,65,35,65,60,normal,,5
508,Stoutland,500,85,110,90,45,90,80,normal,,5
509,Purrloin,281,41,50,37,50,37,66,dark,,5
510,Liepard,446,64,88,50,88,50,106,dark,,5
511,Pansage,316,50,53,48,53,48,64,grass,,5
512,Simisage,498,75,98,63,98,63,101,grass,,5
513,Pansear,316,50,53,48,53,48,64,fire,,5
514,Simisear,498,75,98,63,98,63,101,fire,,5
515,Panpour,316,50,53,48,53,48,64,water,,5
516,Simipour,498,75,98,63,98,63,101,water,,5
517,Munna,292,76,25,45,67,55,24,psychic,,5
518,Musharna,487,116,55,85,107,95,29,psychic,,5
519,Pidove,264,50,55,50,36,30,43,normal,flying,5
520,Tranquill,358,62,77,62,50,42,65,normal,flying,5
521,Unfezant,488,80,115,80,65,55,93,normal,flying,5
522,Blitzle,295,45,60,32,50,32,76,electric,,5
523,Zebstrika,497,75,100,63,80,63,116,electric,,5
524,Roggenrola,280,55,75,85,25,25,15,rock,,5
525,Boldore,390,70,105,105,50,40,20,rock,,5
526,Gigalith,515,85,135,130,60,80,25,rock,,5
527,Woobat,323,65,45,43,55,43,72,psychic,flying,5
528,Swoobat,425,67,57,55,77,55,114,psychic,flying,5
529,Drilbur,328,60,85,40,30,45,68,ground,,5
530,Excadrill,508,110,135,60,50,65,88,ground,steel,5
531,Audino,545,103,60,126,80,126,50,normal,,5
532,Timburr,305,75,80,55,25,35,35,fighting,,5
533,Gurdurr,405,85,105,85,40,50,40,fighting,,5
534,Conkeldurr,505,105,140,95,55,65,45,fighting,,5
535,Tympole,294,50,50,40,50,40,64,water,,5
536,Palpitoad,384,75,65,55,65,55,69,water,ground,5
537,Seismitoad,509,105,95,75,85,75,74,water,ground,5
538,Throh,465,120,100,85,30,85,45,fighting,,5
539,Sawk,465,75,125,75,30,75,85,fighting,,5
540,Sewaddle,310,45,53,70,40,60,42,bug,grass,5
541,Swadloon,380,55,63,90,50,80,42,bug,grass,5
542,Leavanny,500,75,103,80,70,80,92,bug,grass,5
543,Venipede,260,30,45,59,30,39,57,bug,poison,5
544,Whirlipede,360,40,55,99,40,79,47,bug,poison,5
545,Scolipede,485,60,100,89,55,69,112,bug,poison,5
546,Cottonee,280,40,27,60,37,50,66,grass,fairy,5
547,Whimsicott,480,60,67,85,77,75,116,grass,fairy,5
548,Petilil,280,45,35,50,70,50,30,grass,,5
549,Lilligant,480,70,60,75,110,75,90,grass,,5
550,Basculin,460,70,92,65,80,55,98,water,,5
551,Sandile,292,50,72,35,35,35,65,ground,dark,5
552,Krokorok,351,60,82,45,45,45,74,ground,dark,5
553,Krookodile,519,95,117,80,65,70,92,ground,dark,5
554,Darumaka,315,70,90,45,15,45,50,fire,,5
555,Darmanitan,540,105,30,105,140,105,55,fire,fire,5
556,Maractus,461,75,86,67,106,67,60,grass,,5
557,Dwebble,325,50,65,85,35,35,55,bug,rock,5
558,Crustle,485,70,105,125,65,75,45,bug,rock,5
559,Scraggy,348,50,75,70,35,70,48,dark,fighting,5
560,Scrafty,488,65,90,115,45,115,58,dark,fighting,5
561,Sigilyph,490,72,58,80,103,80,97,psychic,flying,5
562,Yamask,303,38,30,85,55,65,30,ghost,,5
563,Cofagrigus,483,58,50,145,95,105,30,ghost,,5
564,Tirtouga,355,54,78,103,53,45,22,water,rock,5
565,Carracosta,495,74,108,133,83,65,32,water,rock,5
566,Archen,401,55,112,45,74,45,70,rock,flying,5
567,Archeops,567,75,140,65,112,65,110,rock,flying,5
568,Trubbish,329,50,50,62,40,62,65,poison,,5
569,Garbodor,474,80,95,82,60,82,75,poison,,5
570,Zorua,330,40,65,40,80,40,65,dark,,5
571,Zoroark,510,60,105,60,120,60,105,dark,,5
572,Minccino,300,55,50,40,40,40,75,normal,,5
573,Cinccino,470,75,95,60,65,60,115,normal,,5
574,Gothita,290,45,30,50,55,65,45,psychic,,5
575,Gothorita,390,60,45,70,75,85,55,psychic,,5
576,Gothitelle,490,70,55,95,95,110,65,psychic,,5
577,Solosis,290,45,30,40,105,50,20,psychic,,5
578,Duosion,370,65,40,50,125,60,30,psychic,,5
579,Reuniclus,490,110,65,75,125,85,30,psychic,,5
580,Ducklett,305,62,44,50,44,50,55,water,flying,5
581,Swanna,473,75,87,63,87,63,98,water,flying,5
582,Vanillite,305,36,50,50,65,60,44,ice,,5
583,Vanillish,395,51,65,65,80,75,59,ice,,5
584,Vanilluxe,535,71,95,85,110,95,79,ice,,5
585,Deerling,335,60,60,50,40,50,75,normal,grass,5
586,Sawsbuck,475,80,100,70,60,70,95,normal,grass,5
587,Emolga,428,55,75,60,75,60,103,electric,flying,5
588,Karrablast,315,50,75,45,40,45,60,bug,,5
589,Escavalier,495,70,135,105,60,105,20,bug,steel,5
590,Foongus,294,69,55,45,55,55,15,grass,poison,5
591,Amoonguss,464,114,85,70,85,80,30,grass,poison,5
592,Frillish,335,55,40,50,65,85,40,water,ghost,5
593,Jellicent,480,100,60,70,85,105,60,water,ghost,5
594,Alomomola,470,165,75,80,40,45,65,water,,5
595,Joltik,319,50,47,50,57,50,65,bug,electric,5
596,Galvantula,472,70,77,60,97,60,108,bug,electric,5
597,Ferroseed,305,44,50,91,24,86,10,grass,steel,5
598,Ferrothorn,489,74,94,131,54,116,20,grass,steel,5
599,Klink,300,40,55,70,45,60,30,steel,,5
600,Klang,440,60,80,95,70,85,50,steel,,5
601,Klinklang,520,60,100,115,70,85,90,steel,,5
602,Tynamo,275,35,55,40,45,40,60,electric,,5
603,Eelektrik,405,65,85,70,75,70,40,electric,,5
604,Eelektross,515,85,115,80,105,80,50,electric,,5
605,Elgyem,335,55,55,55,85,55,30,psychic,,5
606,Beheeyem,485,75,75,75,125,95,40,psychic,,5
607,Litwick,275,50,30,55,65,55,20,ghost,fire,5
608,Lampent,370,60,40,60,95,60,55,ghost,fire,5
609,Chandelure,520,60,55,90,145,90,80,ghost,fire,5
610,Axew,320,46,87,60,30,40,57,dragon,,5
611,Fraxure,410,66,117,70,40,50,67,dragon,,5
612,Haxorus,540,76,147,90,60,70,97,dragon,,5
613,Cubchoo,305,55,70,40,60,40,40,ice,,5
614,Beartic,505,95,130,80,70,80,50,ice,,5
615,Cryogonal,515,80,50,50,95,135,105,ice,,5
616,Shelmet,305,50,40,85,40,65,25,bug,,5
617,Accelgor,495,80,70,40,100,60,145,bug,,5
618,Stunfisk,471,109,66,84,81,99,32,ground,electric,5
619,Mienfoo,350,45,85,50,55,50,65,fighting,,5
620,Mienshao,510,65,125,60,95,60,105,fighting,,5
621,Druddigon,485,77,120,90,60,90,48,dragon,,5
622,Golett,303,59,74,50,35,50,35,ground,ghost,5
623,Golurk,483,89,124,80,55,80,55,ground,ghost,5
624,Pawniard,340,45,85,70,40,40,60,dark,steel,5
625,Bisharp,490,65,125,100,60,70,70,dark,steel,5
626,Bouffalant,490,95,110,95,40,95,55,normal,,5
627,Rufflet,350,70,83,50,37,50,60,normal,flying,5
628,Braviary,510,100,123,75,57,75,80,normal,flying,5
629,Vullaby,370,70,55,75,45,65,60,dark,flying,5
630,Mandibuzz,510,110,65,105,55,95,80,dark,flying,5
631,Heatmor,484,85,97,66,105,66,65,fire,,5
632,Durant,484,58,109,112,48,48,109,bug,steel,5
633,Deino,300,52,65,50,45,50,38,dark,dragon,5
634,Zweilous,420,72,85,70,65,70,58,dark,dragon,5
635,Hydreigon,600,92,105,90,125,90,98,dark,dragon,5
636,Larvesta,360,55,85,55,50,55,60,bug,fire,5
637,Volcarona,550,85,60,65,135,105,100,bug,fire,5
638,Cobalion,580,91,90,129,90,72,108,steel,fighting,5
639,Terrakion,580,91,129,90,72,90,108,rock,fighting,5
640,Virizion,580,91,90,72,90,129,108,grass,fighting,5
641,Tornadus,580,79,100,80,110,90,121,flying,,5
642,Thundurus,580,79,105,70,145,80,101,electric,flying,5
643,Reshiram,680,100,120,100,150,120,90,dragon,fire,5
644,Zekrom,680,100,150,120,120,100,90,dragon,electric,5
645,Landorus,600,89,145,90,105,80,91,ground,flying,5
646,Kyurem,700,125,120,90,170,100,95,dragon,ice,5
647,Keldeo,580,91,72,90,129,90,108,water,fighting,5
648,Meloetta,600,100,128,90,77,77,128,normal,psychic,5
649,Genesect,600,71,120,95,120,95,99,bug,steel,5
650,Chespin,313,56,61,65,48,45,38,grass,,6
651,Quilladin,405,61,78,95,56,58,57,grass,,6
652,Chesnaught,530,88,107,122,74,75,64,grass,fighting,6
653,Fennekin,307,40,45,40,62,60,60,fire,,6
654,Braixen,409,59,59,58,90,70,73,fire,,6
655,Delphox,534,75,69,72,114,100,104,fire,psychic,6
656,Froakie,314,41,56,40,62,44,71,water,,6
657,Frogadier,405,54,63,52,83,56,97,water,,6
658,Greninja,640,72,145,67,153,71,132,water,dark,6
659,Bunnelby,237,38,36,38,32,36,57,normal,,6
660,Diggersby,423,85,56,77,50,77,78,normal,ground,6
661,Fletchling,278,45,50,43,40,38,62,normal,flying,6
662,Fletchinder,382,62,73,55,56,52,84,fire,flying,6
663,Talonflame,499,78,81,71,74,69,126,fire,flying,6
664,Scatterbug,200,38,35,40,27,25,35,bug,,6
665,Spewpa,213,45,22,60,27,30,29,bug,,6
666,Vivillon,411,80,52,50,90,50,89,bug,flying,6
667,Litleo,369,62,50,58,73,54,72,fire,normal,6
668,Pyroar,507,86,68,72,109,66,106,fire,normal,6
669,Flabébé,303,44,38,39,61,79,42,fairy,,6
670,Floette,551,74,65,67,125,128,92,fairy,,6
671,Florges,552,78,65,68,112,154,75,fairy,,6
672,Skiddo,350,66,65,48,62,57,52,grass,,6
673,Gogoat,531,123,100,62,97,81,68,grass,,6
674,Pancham,348,67,82,62,46,48,43,fighting,,6
675,Pangoro,495,95,124,78,69,71,58,fighting,dark,6
676,Furfrou,472,75,80,60,65,90,102,normal,,6
677,Espurr,355,62,48,54,63,60,68,psychic,,6
678,Meowstic,466,74,48,76,83,81,104,psychic,,6
679,Honedge,325,45,80,100,35,37,28,steel,ghost,6
680,Doublade,448,59,110,150,45,49,35,steel,ghost,6
681,Aegislash,520,60,150,50,150,50,60,steel,ghost,6
682,Spritzee,341,78,52,60,63,65,23,fairy,,6
683,Aromatisse,462,101,72,72,99,89,29,fairy,,6
684,Swirlix,341,62,48,66,59,57,49,fairy,,6
685,Slurpuff,480,82,80,86,85,75,72,fairy,,6
686,Inkay,288,53,54,53,37,46,45,dark,psychic,6
687,Malamar,482,86,92,88,68,75,73,dark,psychic,6
688,Binacle,306,42,52,67,39,56,50,rock,water,6
689,Barbaracle,500,72,105,115,54,86,68,rock,water,6
690,Skrelp,320,50,60,60,60,60,30,poison,water,6
691,Dragalge,494,65,75,90,97,123,44,poison,dragon,6
692,Clauncher,330,50,53,62,58,63,44,water,,6
693,Clawitzer,500,71,73,88,120,89,59,water,,6
694,Helioptile,289,44,38,33,61,43,70,electric,normal,6
695,Heliolisk,481,62,55,52,109,94,109,electric,normal,6
696,Tyrunt,362,58,89,77,45,45,48,rock,dragon,6
697,Tyrantrum,521,82,121,119,69,59,71,rock,dragon,6
698,Amaura,362,77,59,50,67,63,46,rock,ice,6
699,Aurorus,521,123,77,72,99,92,58,rock,ice,6
700,Sylveon,525,95,65,65,110,130,60,fairy,,6
701,Hawlucha,500,78,92,75,74,63,118,fighting,flying,6
702,Dedenne,431,67,58,57,81,67,101,electric,fairy,6
703,Carbink,500,50,50,150,50,150,50,rock,fairy,6
704,Goomy,300,45,50,35,55,75,40,dragon,,6
705,Sliggoo,452,68,75,53,83,113,60,dragon,,6
706,Goodra,600,90,100,70,110,150,80,dragon,,6
707,Klefki,470,57,80,91,80,87,75,steel,fairy,6
708,Phantump,309,43,70,48,50,60,38,ghost,grass,6
709,Trevenant,474,85,110,76,65,82,56,ghost,grass,6
710,Pumpkaboo,335,59,66,70,44,55,41,ghost,grass,6
711,Gourgeist,494,85,100,122,58,75,54,ghost,grass,6
712,Bergmite,304,55,69,85,32,35,28,ice,,6
713,Avalugg,514,95,117,184,44,46,28,ice,,6
714,Noibat,245,40,30,35,45,40,55,flying,dragon,6
715,Noivern,535,85,70,80,97,80,123,flying,dragon,6
716,Xerneas,680,126,131,95,131,98,99,fairy,,6
717,Yveltal,680,126,131,95,131,98,99,dark,flying,6
718,Zygarde,708,216,100,121,91,95,85,dragon,ground,6
719,Diancie,700,50,160,110,160,110,110,rock,fairy,6
720,Hoopa,680,80,160,60,170,130,80,psychic,ghost,6
721,Volcanion,600,80,110,120,130,90,70,fire,water,6
722,Rowlet,320,68,55,55,50,50,42,grass,flying,7
723,Dartrix,420,78,75,75,70,70,52,grass,flying,7
724,Decidueye,530,78,107,75,100,100,70,grass,ghost,7
725,Litten,320,45,65,40,60,40,70,fire,,7
726,Torracat,420,65,85,50,80,50,90,fire,,7
727,Incineroar,530,95,115,90,80,90,60,fire,dark,7
728,Popplio,320,50,54,54,66,56,40,water,,7
729,Brionne,420,60,69,69,91,81,50,water,,7
730,Primarina,530,80,74,74,126,116,60,water,fairy,7
731,Pikipek,265,35,75,30,30,30,65,normal,flying,7
732,Trumbeak,355,55,85,50,40,50,75,normal,flying,7
733,Toucannon,485,80,120,75,75,75,60,normal,flying,7
734,Yungoos,253,48,70,30,30,30,45,normal,,7
735,Gumshoos,418,88,110,60,55,60,45,normal,,7
736,Grubbin,300,47,62,45,55,45,46,bug,,7
737,Charjabug,400,57,82,95,55,75,36,bug,electric,7
738,Vikavolt,500,77,70,90,145,75,43,bug,electric,7
739,Crabrawler,338,47,82,57,42,47,63,fighting,,7
740,Crabominable,478,97,132,77,62,67,43,fighting,ice,7
741,Oricorio,476,75,70,70,98,70,93,fire,flying,7
742,Cutiefly,304,40,45,40,55,40,84,bug,fairy,7
743,Ribombee,464,60,55,60,95,70,124,bug,fairy,7
744,Rockruff,280,45,65,40,30,40,60,rock,,7
745,Lycanroc,487,85,115,75,55,75,82,rock,,7
746,Wishiwashi,620,45,140,130,140,135,30,water,,7
747,Mareanie,305,50,53,62,43,52,45,poison,water,7
748,Toxapex,495,50,63,152,53,142,35,poison,water,7
749,Mudbray,385,70,100,70,45,55,45,ground,,7
750,Mudsdale,500,100,125,100,55,85,35,ground,,7
751,Dewpider,269,38,40,52,40,72,27,water,bug,7
752,Araquanid,454,68,70,92,50,132,42,water,bug,7
753,Fomantis,250,40,55,35,50,35,35,grass,,7
754,Lurantis,480,70,105,90,80,90,45,grass,,7
755,Morelull,285,40,35,55,65,75,15,grass,fairy,7
756,Shiinotic,405,60,45,80,90,100,30,grass,fairy,7
757,Salandit,320,48,44,40,71,40,77,poison,fire,7
758,Salazzle,480,68,64,60,111,60,117,poison,fire,7
759,Stufful,340,70,75,50,45,50,50,normal,fighting,7
760,Bewear,500,120,125,80,55,60,60,normal,fighting,7
761,Bounsweet,210,42,30,38,30,38,32,grass,,7
762,Steenee,290,52,40,48,40,48,62,grass,,7
763,Tsareena,510,72,120,98,50,98,72,grass,,7
764,Comfey,485,51,52,90,82,110,100,fairy,,7
765,Oranguru,490,90,60,80,90,110,60,normal,psychic,7
766,Passimian,490,100,120,90,40,60,80,fighting,,7
767,Wimpod,230,25,35,40,20,30,80,bug,water,7
768,Golisopod,530,75,125,140,60,90,40,bug,water,7
769,Sandygast,320,55,55,80,70,45,15,ghost,ground,7
770,Palossand,480,85,75,110,100,75,35,ghost,ground,7
771,Pyukumuku,410,55,60,130,30,130,5,water,,7
772,Type: Null,534,95,95,95,95,95,59,normal,,7
773,Silvally,570,95,95,95,95,95,95,normal,,7
774,Minior,500,60,100,60,100,60,120,rock,flying,7
775,Komala,480,65,115,65,75,95,65,normal,,7
776,Turtonator,485,60,78,135,91,85,36,fire,dragon,7
777,Togedemaru,435,65,98,63,40,73,96,electric,steel,7
778,Mimikyu,476,55,90,80,50,105,96,ghost,fairy,7
779,Bruxish,475,68,105,70,70,70,92,water,psychic,7
780,Drampa,485,78,60,85,135,91,36,normal,dragon,7
781,Dhelmise,517,70,131,100,86,90,40,ghost,grass,7
782,Jangmo-o,300,45,55,65,45,45,45,dragon,,7
783,Hakamo-o,420,55,75,90,65,70,65,dragon,fighting,7
784,Kommo-o,600,75,110,125,100,105,85,dragon,fighting,7
785,Tapu Koko,570,70,115,85,95,75,130,electric,fairy,7
786,Tapu Lele,570,70,85,75,130,115,95,psychic,fairy,7
787,Tapu Bulu,570,70,130,115,85,95,75,grass,fairy,7
788,Tapu Fini,570,70,75,115,95,130,85,water,fairy,7
789,Cosmog,200,43,29,31,29,31,37,psychic,,7
790,Cosmoem,400,43,29,131,29,131,37,psychic,,7
791,Solgaleo,680,137,137,107,113,89,97,psychic,steel,7
792,Lunala,680,137,113,89,137,107,97,psychic,ghost,7
793,Nihilego,570,109,53,47,127,131,103,rock,poison,7
794,Buzzwole,570,107,139,139,53,53,79,bug,fighting,7
795,Pheromosa,570,71,137,37,137,37,151,bug,fighting,7
796,Xurkitree,570,83,89,71,173,71,83,electric,,7
797,Celesteela,570,97,101,103,107,101,61,steel,flying,7
798,Kartana,570,59,181,131,59,31,109,grass,steel,7
799,Guzzlord,570,223,101,53,97,53,43,dark,dragon,7
800,Necrozma,600,97,107,101,127,89,79,psychic,,7
801,Magearna,600,80,95,115,130,115,65,steel,fairy,7